repo,url,stars,year,has_package_swift,description,language,topics,archived,open_issues,iOS,macOS,watchOS,tvOS,visionOS,platform_count
3lvis/Networking,https://github.com/3lvis/Networking.git,1370.0,2025.0,True,Swift HTTP Networking with stubbing and caching support,Swift,"swift, mocking, nsurlsession, networking, alamofire, moya, stubbing, carthage, cocoapods",False,3.0,16.0,13.0,9.0,16.0,,4
AAChartModel/AAChartKit-Swift,https://github.com/AAChartModel/AAChartKit-Swift.git,2491.0,2025.0,True,"üìàüìäüì±üíªüñ•Ô∏èAn elegant modern declarative data visualization chart framework for iOS, iPadOS and macOS. Extremely powerful, supports line, spline, area, areaspline, column, bar, pie, scatter, angular gauges, arearange, areasplinerange, columnrange, bubble, box plot, error bars, funnel, waterfall and polar chart types. ÊûÅÂÖ∂Á≤æÁæéËÄåÂèàÂº∫Â§ßÁöÑÁé∞‰ª£ÂåñÂ£∞ÊòéÂºèÊï∞ÊçÆÂèØËßÜÂåñÂõæË°®Ê°ÜÊû∂,ÊîØÊåÅÊü±Áä∂Âõæ„ÄÅÊù°ÂΩ¢Âõæ„ÄÅÊäòÁ∫øÂõæ„ÄÅÊõ≤Á∫øÂõæ„ÄÅÊäòÁ∫øÂ°´ÂÖÖÂõæ„ÄÅÊõ≤Á∫øÂ°´ÂÖÖÂõæ„ÄÅÊ∞îÊ≥°Âõæ„ÄÅÊâáÂΩ¢Âõæ„ÄÅÁéØÂΩ¢Âõæ„ÄÅÊï£ÁÇπÂõæ„ÄÅÈõ∑ËææÂõæ„ÄÅÊ∑∑ÂêàÂõæÁ≠âÂêÑÁßçÁ±ªÂûãÁöÑÂ§öËææÂá†ÂçÅÁßçÁöÑ‰ø°ÊÅØÂõæÂõæË°®,ÂÆåÂÖ®Êª°Ë∂≥Â∑•‰ΩúÊâÄÈúÄ.",Swift,"chart, column-chart, bar-chart, line-chart, spline-chart, area-chart, pie, bubble-chart, graphics, ios, swift, objective-c, draw, view, model, data-visualization, data-analysis, animation, plot, graph",False,165.0,10.0,,,,,1
adamrushy/OpenAISwift,https://github.com/adamrushy/OpenAISwift.git,1695.0,2025.0,True,This is a wrapper library around the ChatGPT and OpenAI HTTP API,Swift,"chatgpt, swift, swiftui",False,46.0,15.0,,,,,1
adjust/ios_sdk,https://github.com/adjust/ios_sdk.git,648.0,2025.0,True,This is the iOS SDK of,Objective-C,,False,43.0,,,,,,0
Aeastr/RenderMeThis,https://github.com/Aeastr/RenderMeThis.git,568.0,2025.0,True,RenderMeThis is a simple SwiftUI debugging tool that reveals exactly when your views re‚Äërender or re-compute,Swift,,False,0.0,15.0,12.0,8.0,15.0,1.0,5
airbnb/epoxy-ios,https://github.com/airbnb/epoxy-ios.git,1289.0,2025.0,True,Epoxy is a suite of declarative UI APIs for building UIKit applications in Swift,Swift,"ios, swift, uikit, uicollectionview, uinavigationcontroller",False,10.0,13.0,,,,,1
airbnb/HorizonCalendar,https://github.com/airbnb/HorizonCalendar.git,3008.0,2025.0,True,"A declarative, performant, iOS calendar UI component that supports use cases ranging from simple date pickers all the way up to fully-featured calendar apps.",Swift,,False,62.0,12.0,,,,,1
airbnb/lottie-ios,https://github.com/airbnb/lottie-ios.git,26368.0,2025.0,True,An iOS library to natively render After Effects vector animations,Swift,"animation, bodymovin, ios-animation, ios, transition-animation, keyframes, ios-transition, custom-transitions, swift",False,37.0,,,,,,0
airbnb/MagazineLayout,https://github.com/airbnb/MagazineLayout.git,3333.0,2025.0,True,A collection view layout capable of laying out views in vertically scrolling grids and lists.,Swift,,False,11.0,10.0,,,10.0,,2
Alamofire/Alamofire,https://github.com/Alamofire/Alamofire.git,42031.0,2025.0,True,Elegant HTTP Networking in Swift,Swift,"networking, urlsession, urlrequest, httpurlresponse, request, response, swift, xcode, certificate-pinning, public-key-pinning, parameter-encoding, alamofire, cocoapods, carthage, swift-package-manager",False,49.0,12.0,,4.0,12.0,,3
apollographql/apollo-ios,https://github.com/apollographql/apollo-ios.git,3966.0,2025.0,True,"üì± ¬†A strongly-typed, caching GraphQL client for iOS, written in Swift.",Swift,"swift, graphql-client, apollo-ios, ios, graphql, apollographql",False,115.0,12.0,,5.0,12.0,1.0,4
apple/container,https://github.com/apple/container.git,17802.0,2025.0,True,"A tool for creating and running Linux containers using lightweight virtual machines on a Mac. It is written in Swift, and optimized for Apple silicon. ",Swift,,False,91.0,,,,,,0
apple/containerization,https://github.com/apple/containerization.git,7633.0,2025.0,True,Containerization is a Swift package for running Linux containers on macOS.,Swift,,False,37.0,,,,,,0
apple/swift-algorithms,https://github.com/apple/swift-algorithms.git,6198.0,2025.0,True,Commonly used sequence and collection algorithms for Swift,Swift,"algorithm, iterator, itertools",False,55.0,,,,,,0
apple/swift-argument-parser,https://github.com/apple/swift-argument-parser.git,3534.0,2025.0,True,"Straightforward, type-safe argument parsing for Swift",Swift,"cli, command-line, flag, option",False,116.0,,,,,,0
apple/swift-async-algorithms,https://github.com/apple/swift-async-algorithms.git,3336.0,2025.0,True,Async Algorithms for Swift,Swift,swift,False,52.0,,,,,,0
apple/swift-atomics,https://github.com/apple/swift-atomics.git,1133.0,2025.0,True,Low-level atomic operations for Swift,Swift,"concurrency, synchronization",False,13.0,,,,,,0
apple/swift-collections,https://github.com/apple/swift-collections.git,4144.0,2025.0,True,Commonly used data structures for Swift,Swift,"collection, container, deque, dequeue, hash, ordered-dictionary, ordered-set, sequence, queue",False,61.0,,,,,,0
apple/swift-distributed-actors,https://github.com/apple/swift-distributed-actors.git,644.0,2025.0,True,Peer-to-peer cluster implementation for Swift Distributed Actors,Swift,"swift, distributed-systems, actors, actor-model",False,188.0,,,,,,0
apple/swift-homomorphic-encryption,https://github.com/apple/swift-homomorphic-encryption.git,561.0,2025.0,True,Homomorphic Encryption library and applications in Swift,Swift,"cryptography, homomorphic-encryption, swift",False,9.0,,,,,,0
apple/swift-http-types,https://github.com/apple/swift-http-types.git,964.0,2025.0,True,Version-independent HTTP currency types for Swift,Swift,,False,20.0,,,,,,0
apple/swift-log,https://github.com/apple/swift-log.git,3758.0,2025.0,True,A Logging API for Swift,Swift,"logging, swift-server",False,27.0,,,,,,0
apple/swift-metrics,https://github.com/apple/swift-metrics.git,702.0,2025.0,True,Metrics API for Swift,Swift,"metrics, swift-server",False,23.0,,,,,,0
apple/swift-nio,https://github.com/apple/swift-nio.git,8218.0,2025.0,True,"Event-driven network application framework for high performance protocol servers & clients, non-blocking.",Swift,"swift, asynchronous-io, networking, event-driven, high-performance, non-blocking-io, non-blocking, swiftnio, swift5, swift-server",False,236.0,,,,,,0
apple/swift-numerics,https://github.com/apple/swift-numerics.git,1771.0,2025.0,True,Advanced mathematical types and functions for Swift,Swift,"math, complex, mathematics, maths, real, trig",False,68.0,,,,,,0
apple/swift-openapi-generator,https://github.com/apple/swift-openapi-generator.git,1684.0,2025.0,True,Generate Swift client and server code from an OpenAPI document.,Swift,"ios-swift, openapi, server-side-swift, swift, plugin, swiftpm",False,98.0,13.0,,6.0,13.0,1.0,4
apple/swift-protobuf,https://github.com/apple/swift-protobuf.git,4710.0,2025.0,True,Plugin and runtime library for using protobuf with Swift,Swift,,False,64.0,,,,,,0
apple/swift-system,https://github.com/apple/swift-system.git,1290.0,2025.0,True,Low-level system calls and types for Swift,Swift,"file-path, file-descriptor, posix",False,42.0,,,,,,0
argmaxinc/whisperkit,https://github.com/argmaxinc/whisperkit.git,4869.0,2025.0,True,On-device Speech Recognition for Apple Silicon,Swift,"inference, ios, speech-recognition, swift, whisper, transformers, macos, visionos, watchos",False,79.0,16.0,13.0,,,,2
attaswift/BigInt,https://github.com/attaswift/BigInt.git,788.0,2025.0,True,Arbitrary-precision arithmetic in pure Swift,Swift,,False,16.0,12.0,,4.0,12.0,1.0,5
AudioKit/AudioKit,https://github.com/AudioKit/AudioKit.git,11082.0,2025.0,True,"Audio synthesis, processing, & analysis platform for iOS, macOS and tvOS",Swift,"audiokit, swift, playground, audio, ios, macos, tvos, midi, swift-playgrounds, music",False,32.0,13.0,11.0,,13.0,1.0,4
auth0/JWTDecode.swift,https://github.com/auth0/JWTDecode.swift.git,686.0,2025.0,True,"A JWT decoder for iOS, macOS, tvOS, and watchOS",Swift,"dx-sdk, swift, ios, jwt",False,2.0,14.0,11.0,7.0,14.0,1.0,5
auth0/SimpleKeychain,https://github.com/auth0/SimpleKeychain.git,657.0,2025.0,True,"A simple Keychain wrapper for iOS, macOS, tvOS, and watchOS",Swift,"keychain, ios, security, dx-sdk",False,3.0,14.0,11.0,7.0,14.0,1.0,5
AvdLee/appstoreconnect-swift-sdk,https://github.com/AvdLee/appstoreconnect-swift-sdk.git,1576.0,2025.0,True,The Swift SDK to work with the App Store Connect API from Apple.,Swift,,False,6.0,14.0,11.0,9.0,14.0,,4
AvdLee/Roadmap,https://github.com/AvdLee/Roadmap.git,872.0,2025.0,True,Publish your roadmap inside your app and allow users to vote for upcoming features,Swift,,False,23.0,15.0,12.0,,,1.0,3
aws-amplify/amplify-swift,https://github.com/aws-amplify/amplify-swift.git,504.0,2025.0,True,A declarative library for application development using cloud services.,Swift,"ios, swift, aws, aws-amplify",False,102.0,,,,,,0
BastiaanJansen/toast-swift,https://github.com/BastiaanJansen/toast-swift.git,716.0,2025.0,True,Customizable Swift Toast view built with UIKit. üçû,Swift,"swift, toast, toast-notification, ios, uikit, notification, open-source",False,11.0,12.0,,,13.0,1.0,3
bloomberg/xcdiff,https://github.com/bloomberg/xcdiff.git,951.0,2025.0,True,A tool which helps you diff xcodeproj files.,Swift,"swift, xcodeproj, xcode, xcodeproject, diff",False,8.0,,,,,,0
bmoliveira/MarkdownKit,https://github.com/bmoliveira/MarkdownKit.git,854.0,2025.0,True,A simple and customizable Markdown Parser for Swift,Swift,,False,28.0,15.0,12.0,,,,2
braintree/braintree_ios,https://github.com/braintree/braintree_ios.git,572.0,2025.0,True,Braintree SDK for iOS,Swift,"braintree-sdk, objective-c, braintree-ios-sdk, paypal",False,9.0,14.0,,,,,1
BranchMetrics/ios-branch-deep-linking-attribution,https://github.com/BranchMetrics/ios-branch-deep-linking-attribution.git,744.0,2025.0,True,"The Branch iOS SDK for deep linking and attribution. Branch helps mobile apps grow with deep links / deeplinks that power paid acquisition and re-engagement campaigns, referral programs, content sharing, deep linked emails, smart banners, custom user onboarding, and more.",Objective-C,,False,20.0,12.0,,,12.0,,2
Brightify/Cuckoo,https://github.com/Brightify/Cuckoo.git,1718.0,2025.0,True,Boilerplate-free mocking framework for Swift!,Swift,"mock, mockito, cuckoo, stub, swift, matcher, protocol, mocking, unit-testing, cocoapods",False,45.0,,,,,,0
buh/CompactSlider,https://github.com/buh/CompactSlider.git,503.0,2025.0,True,"CompactSlider is a SwiftUI control for macOS, iOS, watchOS and visionOS.",Swift,"slider, swiftui, ios, ipados, macos, swift, watchos, control, ui-components, visionos",False,3.0,15.0,12.0,8.0,,1.0,4
ChartsOrg/Charts,https://github.com/ChartsOrg/Charts.git,27922.0,2025.0,True,Beautiful charts for iOS/tvOS/OSX! The Apple side of the crossplatform MPAndroidChart.,Swift,,False,989.0,12.0,,,12.0,,2
CocoaLumberjack/CocoaLumberjack,https://github.com/CocoaLumberjack/CocoaLumberjack.git,13284.0,2025.0,True,"A fast & simple, yet powerful & flexible logging framework for macOS, iOS, tvOS, watchOS and visionOS",Objective-C,"macos, ios, watchos, tvos, logging, log, objective-c, swift, cocoapods, carthage, lumberjack, cocoalumberjack, logger, spm, swift-package-manager, visionos",False,6.0,12.0,,5.0,12.0,1.0,4
Cocoanetics/DTCoreText,https://github.com/Cocoanetics/DTCoreText.git,6383.0,2025.0,True,Methods to allow using HTML code with CoreText,Objective-C,,False,44.0,9.0,,,9.0,,2
CodeEditApp/CodeEditSourceEditor,https://github.com/CodeEditApp/CodeEditSourceEditor.git,621.0,2025.0,True,A code editor view written in Swift powered by tree-sitter.,Swift,"swift, tree-sitter",False,29.0,,13.0,,,,1
CoreOffice/XMLCoder,https://github.com/CoreOffice/XMLCoder.git,836.0,2025.0,True,Easy XML parsing using Codable protocols in Swift,Swift,"xml, xml-parser, swift, swift4, codable, carthage, cocoapods, encoder, decoder, xml-serializer",False,61.0,,,,,,0
dadalar/SwiftUI-CardStackView,https://github.com/dadalar/SwiftUI-CardStackView.git,574.0,2025.0,True,"A easy-to-use SwiftUI view for Tinder like cards on iOS, macOS & watchOS.",Swift,"swiftui, swift-library, swift-framework, swift, tinder-cards",False,10.0,13.0,,6.0,,,2
dagronf/QRCode,https://github.com/dagronf/QRCode.git,620.0,2025.0,True,"A quick and beautiful macOS/iOS/tvOS/watchOS QR Code generator/detector library for SwiftUI, Swift and Objective-C.",Swift,"qrcode, qrcode-generator, macos, ios, tvos, swiftui, swift, objective-c, command-line-tool, appkit, uikit, watchos, qrcode-detector",False,1.0,11.0,,6.0,13.0,,3
danger/swift,https://github.com/danger/swift.git,1103.0,2025.0,True,"‚ö†Ô∏è Stop saying ""you forgot to ‚Ä¶"" in code review",Swift,,False,84.0,,,,,,0
danielsaidi/DeckKit,https://github.com/danielsaidi/DeckKit.git,807.0,2025.0,True,A SwiftUI library that makes it easy to create deck-based apps.,Swift,"ios, macos, swift, swiftui, tvos, watchos, visionos, cards",False,4.0,15.0,12.0,8.0,15.0,1.0,5
danielsaidi/OnboardingKit,https://github.com/danielsaidi/OnboardingKit.git,967.0,2025.0,True,A SwiftUI library that helps you create amazing onboarding experiences.,Swift,"hint, tutorial, cocoapods, ios, onboarding, macos, swift, swiftui, tvos, watchos, visionos",False,1.0,15.0,12.0,8.0,15.0,1.0,5
danielsaidi/RichTextKit,https://github.com/danielsaidi/RichTextKit.git,1167.0,2025.0,True,A library that lets you view and edit rich text in Swift and SwiftUI.,Swift,"ios, macos, swift, swiftui, appkit, rich-text, rich-text-editor, tvos, uikit, watchos",False,60.0,15.0,12.0,8.0,15.0,1.0,5
danielsaidi/SwiftUIKit,https://github.com/danielsaidi/SwiftUIKit.git,1651.0,2025.0,True,A library that adds extra functionality to Swift & SwiftUI.,Swift,"swiftui, swift, combine, toast, gestures, ios, macos, tvos, visionos, watchos",False,2.0,15.0,12.0,8.0,15.0,1.0,5
danielsaidi/SystemNotification,https://github.com/danielsaidi/SystemNotification.git,607.0,2025.0,True,A SwiftUI library that helps you mimic the native iOS system notification.,Swift,"notification, swiftui, ios, toast, swift, macos, tvos, watchos, visionos",False,3.0,15.0,12.0,10.0,15.0,1.0,5
datatheorem/TrustKit,https://github.com/datatheorem/TrustKit.git,2086.0,2025.0,True,"Easy SSL pinning validation and reporting for iOS, macOS, tvOS and watchOS.",Objective-C,"objective-c, ssl, ssl-pinning, ios, macos, tvos, ssl-reporting",False,39.0,12.0,,4.0,12.0,,3
davdroman/swiftui-navigation-transitions,https://github.com/davdroman/swiftui-navigation-transitions.git,991.0,2025.0,True,Pure SwiftUI Navigation transitions ‚ú®,Swift,"animation, native, navigation, pure, swiftui, transition, navigationstack, navigationview, uiviewcontrollertransitioningdelegate",False,5.0,13.0,,,13.0,,3
davecom/SwiftGraph,https://github.com/davecom/SwiftGraph.git,779.0,2025.0,True,A Graph Data Structure in Pure Swift,Swift,"graph, swift, data-structure, graph-algorithms, dijkstra-algorithm, topological-sort, breadth-first-search, depth-first-search, prims-algorithm",False,11.0,,,,,,0
davidstump/SwiftPhoenixClient,https://github.com/davidstump/SwiftPhoenixClient.git,518.0,2025.0,True,Connect your Phoenix and iOS applications through WebSockets!,Swift,,False,7.0,10.0,,3.0,10.0,,3
DebugSwift/DebugSwift,https://github.com/DebugSwift/DebugSwift.git,799.0,2025.0,True,A toolkit to make debugging iOS applications easier üöÄ,Swift,"debug, swift, ui, uikit, view, analysis, analytics, crashlytics, layout-debugger, logs-analysis, performance-analysis, cocoapods, debugger, debugging, log, networking, sandbox, leak-detection, hacktoberfest, swift6",False,16.0,14.0,,,,,1
DeclarativeHub/ReactiveKit,https://github.com/DeclarativeHub/ReactiveKit.git,1240.0,2025.0,True,A Swift Reactive Programming Kit,Swift,,False,34.0,9.0,,2.0,9.0,,3
devicekit/DeviceKit,https://github.com/devicekit/DeviceKit.git,4608.0,2025.0,True,DeviceKit is a value-type replacement of UIDevice.,Swift,"swift, ios, tvos, device, device-family, simulator, battery-level, battery-state, swiftpm, hacktoberfest",False,69.0,13.0,,4.0,13.0,,3
dreymonde/Delegated,https://github.com/dreymonde/Delegated.git,699.0,2025.0,True,üë∑‚Äç‚ôÄÔ∏è Closure-based delegation without memory leaks,Swift,,False,1.0,,,,,,0
drmohundro/SWXMLHash,https://github.com/drmohundro/SWXMLHash.git,1444.0,2025.0,True,Simple XML parsing in Swift,Swift,"swift, swxmlhash, xml-parsing",False,1.0,,,,,,0
EFPrefix/EFCountingLabel,https://github.com/EFPrefix/EFCountingLabel.git,505.0,2025.0,True,Adds animated counting support to UILabel.,Swift,"swift, cocoapods, ios, uicountinglabel, label, count, number, countinglabel, counting, button, countdown",False,3.0,12.0,,,,,1
EFPrefix/EFQRCode,https://github.com/EFPrefix/EFQRCode.git,4675.0,2025.0,True,"A better way to operate QRCode in Swift, support iOS, macOS, watchOS, tvOS, and/or visionOS.",Swift,"swift, ios, qrcode, barcode, barcode-scanner, barcode-generator, barcodes, qrcode-generator, qrcode-scanner, qrcode-reader, qrcodes, generator, recognizer, watchos, hacktoberfest, qr, qr-code, qr-code-generator, qr-codes, qr-generator",False,5.0,13.0,,6.0,13.0,1.0,4
efremidze/Cluster,https://github.com/efremidze/Cluster.git,1285.0,2025.0,True,Easy Map Annotation Clustering üìç,Swift,"map, cluster, clustering, mapkit, ios, swift, annotations, apple, cocoapods, carthage",False,24.0,12.0,,,,,1
efremidze/Haptica,https://github.com/efremidze/Haptica.git,793.0,2025.0,True,Easy Haptic Feedback Generator üì≥,Swift,"haptic, taptic, ios, swift, vibrate, feedback, uibutton, carthage, cocoapods, generator, apple, patterns, notes, corehaptics",False,5.0,13.0,,,,,1
efremidze/Magnetic,https://github.com/efremidze/Magnetic.git,1574.0,2025.0,True,SpriteKit Floating Bubble Picker (inspired by Apple Music) üß≤,Swift,"spritekit, ios, swift, bubble, picker, floating, animation, apple, music, apple-music, cocoapods, carthage",False,23.0,13.0,,,,,1
efremidze/VisualEffectView,https://github.com/efremidze/VisualEffectView.git,1300.0,2025.0,True,Dynamic blur background view with tint color (UIVisualEffectView subclass) üì±,Swift,"uivisualeffectview, blur, tint, effects, uiblureffect, swift, ios, apple",False,9.0,14.0,,,,,1
ekazaev/ChatLayout,https://github.com/ekazaev/ChatLayout.git,963.0,2025.0,True,ChatLayout is an alternative solution to MessageKit. It uses custom UICollectionViewLayout to provide you full control over the presentation as well as all the tools available in UICollectionView. It supports dynamic cells and supplementary view sizes.,Swift,"chat, chat-application, messaging, messenger, uicollectionviewlayout, collectionview, collectionviewlayout, swift, uicollectionview, custom-uicollectionviewlayout, messagekit, differencekit, chatui",False,1.0,13.0,,,,,1
ekazaev/route-composer,https://github.com/ekazaev/route-composer.git,913.0,2025.0,True,"Protocol oriented, Cocoa UI abstractions based library that helps to handle view controllers composition, navigation and deep linking tasks in the iOS application. Can be used as the universal replacement for the Coordinator pattern.",Swift,"router, routing-engine, deeplink, deeplinks, universal-links, ios, factory, swift, finder, swift5, coordinator, coordinator-pattern, navigation, controllers-composition, mvvm-c, mvvm-coordinator",False,0.0,,,,,,0
EmergeTools/Pow,https://github.com/EmergeTools/Pow.git,4048.0,2025.0,True,Delightful SwiftUI effects for your app,Swift,"ios, swiftui, animation, swift, transitions, effects, particles",False,17.0,15.0,12.0,,15.0,,4
emqx/CocoaMQTT,https://github.com/emqx/CocoaMQTT.git,1678.0,2025.0,True,MQTT 5.0 client library for iOS and macOS written in Swift,Swift,"cocoamqtt, swift, mqtt, ios, macos, cocoapods, mqtt-client, tvos, macosx",False,157.0,12.0,,,10.0,,2
envoy/Embassy,https://github.com/envoy/Embassy.git,611.0,2025.0,True,Super lightweight async HTTP server library in pure Swift runs in iOS / MacOS / Linux,Swift,"swift, webserver, asynchronous, ios, lightweight, linux",False,29.0,,,,,,0
exyte/ActivityIndicatorView,https://github.com/exyte/ActivityIndicatorView.git,1573.0,2025.0,True,A number of preset loading indicators created with SwiftUI,Swift,"swiftui, swiftui-framework, swiftui-components",False,0.0,13.0,,6.0,13.0,,3
exyte/Chat,https://github.com/exyte/Chat.git,1440.0,2025.0,True,A SwiftUI Chat UI framework with fully customizable message cells and a built-in media picker,Swift,"chat, ios, swift, swift-library, swiftui, swiftui-components",False,27.0,17.0,,,,,1
exyte/ConcentricOnboarding,https://github.com/exyte/ConcentricOnboarding.git,1506.0,2025.0,True,SwiftUI library for a walkthrough or onboarding flow with tap actions,Swift,"ios, swiftui, onboarding, ui, cocoapods, swift, swift-library",False,0.0,14.0,,,,,1
exyte/FloatingButton,https://github.com/exyte/FloatingButton.git,1228.0,2025.0,True,Easily customizable floating button menu created with SwiftUI,Swift,"swiftui, swiftui-components, swiftui-animations",False,0.0,14.0,11.0,7.0,14.0,,4
exyte/Grid,https://github.com/exyte/Grid.git,1980.0,2025.0,True,The most powerful Grid container missed in SwiftUI,Swift,,False,15.0,14.0,,,14.0,,2
exyte/PopupView,https://github.com/exyte/PopupView.git,3855.0,2025.0,True,Toasts and popups library written with SwiftUI,Swift,"swiftui, swiftui-framework, swiftui-components, popup, toast",False,9.0,15.0,11.0,7.0,14.0,,4
exyte/ScalingHeaderScrollView,https://github.com/exyte/ScalingHeaderScrollView.git,1376.0,2025.0,True,A scroll view with a sticky header which shrinks as you scroll. Written with SwiftUI.,Swift,"swift, swiftui, ios, swiftui-components, headerview, sticky-headers, scrollview",False,4.0,14.0,,,,,1
exyte/SVGView,https://github.com/exyte/SVGView.git,757.0,2025.0,True,SVG parser and renderer written in SwiftUI,Swift,,False,40.0,14.0,11.0,7.0,,,3
FabrizioBrancati/Queuer,https://github.com/FabrizioBrancati/Queuer.git,1159.0,2025.0,True,"Queuer is a queue manager, built on top of OperationQueue and Dispatch (aka GCD).",Swift,"queuer, swift, linux, operationqueue, carthage, semaphore, dispatch, asynchronous-tasks, macos, tvos, watchos, swift-package-manager, foundation, grand-central-dispatch, task, synchronous-tasks, asynchronous, scheduler, operation, async-await",False,5.0,12.0,,4.0,12.0,1.0,5
facebook/facebook-ios-sdk,https://github.com/facebook/facebook-ios-sdk.git,7914.0,2025.0,True,Used to integrate the Facebook Platform with your iOS & tvOS apps.,Swift,,False,260.0,12.0,,,,,1
facebook/lexical-ios,https://github.com/facebook/lexical-ios.git,607.0,2025.0,True,Lexical iOS is an extensible text editor framework that integrates the APIs and philosophies from Lexical Web with a Swift API built on top of TextKit.,Swift,,False,28.0,13.0,,,,,1
finnvoor/yap,https://github.com/finnvoor/yap.git,1048.0,2025.0,True,üó£Ô∏è A CLI for on-device speech transcription using Speech.framework on macOS 26,Swift,,False,9.0,,,,,,0
FlineDev/HandySwift,https://github.com/FlineDev/HandySwift.git,523.0,2025.0,True,Handy Swift features that didn't make it into the Swift standard library.,Swift,"swift, sortedarray, delay, random, extension, sample, frequency",False,0.0,12.0,,6.0,13.0,1.0,4
FluidGroup/Brightroom,https://github.com/FluidGroup/Brightroom.git,3550.0,2025.0,True,üì∑ A composable image editor using Core Image and Metal.,Swift,"coreimage, uikit, gpu, shader, image, photo, editor, instagram, vsco, hacktoberfest",False,33.0,16.0,,,,,1
freshOS/Networking,https://github.com/freshOS/Networking.git,885.0,2025.0,True,"‚ö°Ô∏è Concise networking code leveraging async-await, Decodable & Generics.",Swift,"networking, http, swift, json, combine, ios, httpclient, rest, api, rest-api, freshos",False,4.0,13.0,,6.0,13.0,,3
freshOS/Stevia,https://github.com/freshOS/Stevia.git,3411.0,2025.0,True,:leaves: Concise Autolayout code,Swift,"autolayout, swift, layout, stevia, constraints, view, interface, freshos, dsl, ios, visual-format-language, xcode, cocoapods, ui, auto, layouts, carthage, storyboard, xib, nslayoutconstraints",False,23.0,12.0,,,12.0,,2
futuretap/InAppSettingsKit,https://github.com/futuretap/InAppSettingsKit.git,3213.0,2025.0,True,This iOS framework allows settings to be in-app in addition to or instead of being in the Settings app.,Objective-C,"ios, ipad, iphone, settings-editor, uikit, uikit-components",False,10.0,,,,,,0
GEOSwift/GEOSwift,https://github.com/GEOSwift/GEOSwift.git,1480.0,2025.0,True,The Swift Geometry Engine.,Swift,"geojson, cartography, maps, geo, geospatial",False,14.0,12.0,,4.0,12.0,,3
getsentry/sentry-cocoa,https://github.com/getsentry/sentry-cocoa.git,939.0,2025.0,True,"The official Sentry SDK for iOS, tvOS, macOS, watchOS.",Swift,"swift, objective-c, crash-reporting, error-monitoring, crash-reports, error-handler, sentry, ios, tvos, macos, watchos, cocoa, crash, hacktoberfest, tag-production, team-mobile, sdk",False,380.0,11.0,,4.0,11.0,,3
GetStream/stream-chat-swift,https://github.com/GetStream/stream-chat-swift.git,906.0,2025.0,True,üí¨ iOS Chat SDK in Swift - Build your own app chat experience for iOS using the official Stream Chat API,Swift,"chat-sdk, swift, ios, chat-api, chat, chat-application, messaging, stream-chat, swift-chat, ios-chat-sdk, ios-sdk, ios-chat, swift-sdk, sdk, streamio",False,9.0,13.0,11.0,,,,2
ggruen/CloudKitSyncMonitor,https://github.com/ggruen/CloudKitSyncMonitor.git,543.0,2025.0,True,Monitor current state of NSPersistentCloudKitContainer sync,Swift,,False,2.0,15.0,12.0,8.0,15.0,,5
giginet/Scipio,https://github.com/giginet/Scipio.git,527.0,2025.0,True,A new build tool to generate XCFramework,Swift,,False,20.0,,13.0,,,,1
google-gemini/deprecated-generative-ai-swift,https://github.com/google-gemini/deprecated-generative-ai-swift.git,1078.0,2025.0,True,"This SDK is now deprecated, use the unified Firebase SDK.",Swift,,False,12.0,11.0,,,,,2
google/google-api-objectivec-client-for-rest,https://github.com/google/google-api-objectivec-client-for-rest.git,812.0,2025.0,True,Google APIs Client Library for Objective-C for REST,Objective-C,,False,2.0,15.0,,7.0,15.0,,3
google/GoogleSignIn-iOS,https://github.com/google/GoogleSignIn-iOS.git,628.0,2025.0,True,Enables iOS and macOS apps to sign in with Google.,Objective-C,"ios-sdk, authentication, oauth2, openid-connect",False,87.0,12.0,,,,,1
GottaGetSwifty/CodableWrappers,https://github.com/GottaGetSwifty/CodableWrappers.git,698.0,2025.0,True,Make Custom Serialization of Swift Codable Types easy with Annotations,Swift,"swift, ios, property-wrappers, codable, swift-library, swift-package, swift6, swiftmacro, swiftmacros",False,2.0,14.0,11.0,7.0,14.0,1.0,6
GraphQLSwift/Graphiti,https://github.com/GraphQLSwift/Graphiti.git,546.0,2025.0,True,The Swift GraphQL Schema framework for macOS and Linux,Swift,"graphql, swift, vapor, swiftpm, swift-nio, graphiti",False,20.0,,,,,,0
GraphQLSwift/GraphQL,https://github.com/GraphQLSwift/GraphQL.git,953.0,2025.0,True,The Swift GraphQL implementation for macOS and Linux,Swift,"graphql, swift, vapor, swiftpm, swift-nio, graphiti",False,7.0,,,,,,0
groue/GRDB.swift,https://github.com/groue/GRDB.swift.git,7665.0,2025.0,True,"A toolkit for SQLite databases, with a focus on application development",Swift,"sqlite, database, sql, sql-builder, grdb, spm, sqlite-databases, database-observation",False,5.0,13.0,,7.0,13.0,,3
groue/GRMustache.swift,https://github.com/groue/GRMustache.swift.git,624.0,2025.0,True,Flexible Mustache templates for Swift,Swift,"template-engine, mustache",False,14.0,11.0,,,9.0,,2
grpc/grpc-swift,https://github.com/grpc/grpc-swift.git,2172.0,2025.0,True,The Swift language implementation of gRPC.,Swift,"grpc, swift-grpc, protocol-buffers, swift",False,97.0,,,,,,0
hackiftekhar/IQKeyboardManager,https://github.com/hackiftekhar/IQKeyboardManager.git,16585.0,2025.0,True,Codeless drop-in universal library allows to prevent issues of keyboard sliding up and cover UITextField/UITextView. Neither need to write any code nor any setup required and much more.,Swift,"objective-c, keyboard, swift, iqkeyboardmanager, xcode",False,14.0,13.0,,,,,1
HaishinKit/HaishinKit.swift,https://github.com/HaishinKit/HaishinKit.swift.git,2917.0,2025.0,True,"Camera and Microphone streaming library via RTMP and SRT for iOS, macOS, tvOS and visionOS.",Swift,"rtmp, streaming, camera, replaykit, srt, ios, macos, tvos, visionos",False,5.0,13.0,,,13.0,1.0,4
hamcrest/OCHamcrest,https://github.com/hamcrest/OCHamcrest.git,717.0,2025.0,True,"Hamcrest for Objective-C: Powerful, combinable, extensible matchers for verification",Objective-C,"hamcrest, objective-c, xctest, testing",False,0.0,9.0,,2.0,9.0,,3
HeroTransitions/Hero,https://github.com/HeroTransitions/Hero.git,22349.0,2025.0,True,Elegant transition library for iOS & tvOS,Swift,"animation, custom-transitions, swift, ios, ios-animation, ios-transition, material-design, transition-animation, animations, ios-swift, ios-lib, hero, xcode, ios-framework, carthage, swiftpm, layout",False,40.0,10.0,,,10.0,,2
Hi-Rez/Satin,https://github.com/Hi-Rez/Satin.git,819.0,2025.0,True,A 3D Graphics Framework built on Apple's Metal,Swift,"swift, 3d, graphics, metal, metalkit, augmented-reality, shaders, metalapi, gfx, satin, xcode, 3d-graphics-framework, apple-metal",True,0.0,17.0,14.0,,,2.0,3
hmlongco/Factory,https://github.com/hmlongco/Factory.git,2480.0,2025.0,True,A modern approach to Container-Based Dependency Injection for Swift and SwiftUI.,Swift,"container, dependency-injection, ios, swift, swiftui, xcode",False,4.0,13.0,,8.0,13.0,1.0,4
huggingface/swift-transformers,https://github.com/huggingface/swift-transformers.git,1031.0,2025.0,True,Swift Package to implement a transformers-like API in Swift,Swift,,False,32.0,16.0,13.0,,,,2
hummingbird-project/hummingbird,https://github.com/hummingbird-project/hummingbird.git,1494.0,2025.0,True,"Lightweight, flexible HTTP server framework written in Swift",Swift,"server-side-swift, http-server, server, web-server, swift-nio, swift, http, web",False,24.0,17.0,14.0,,17.0,1.0,5
hylo-lang/hylo,https://github.com/hylo-lang/hylo.git,1380.0,2025.0,True,The Hylo programming language,Swift,programming-language,False,209.0,,13.0,,,,1
hyperoslo/Cache,https://github.com/hyperoslo/Cache.git,3098.0,2025.0,True,:package: Nothing but Cache.,Swift,"cache, cache-storage, disk-cache, memory-cache, swift, ios",False,13.0,,,,,,0
iAmMccc/SmartCodable,https://github.com/iAmMccc/SmartCodable.git,634.0,2025.0,True,"SmartCodable is a data parsing library based on Codable. It is simple to use, with robust compatibility being one of its main features. SmartCodable ÊòØÂü∫‰∫éCodableÂÆûÁé∞ÁöÑÊï∞ÊçÆËß£ÊûêÂ∫ì„ÄÇÁÆÄÂçïÊòìÁî®ÔºåÂº∫ÊÇçÁöÑÂÖºÂÆπÊÄßÊòØSmartCodableÁöÑ‰∏ªË¶ÅÁâπÁÇπ„ÄÇ  Ë°®Â±ÇAPIÂíåÂäüËÉΩÂá†‰πéÂíåHandyJSON‰∏ÄËá¥ÔºåÊîØÊåÅÂø´ÈÄüÁöÑËøÅÁßª„ÄÇ",Swift,"codable, handyjson, json, mapping, serialization, swift, swift-codable, metacodable, swift-syntax-builder",False,1.0,13.0,,6.0,13.0,1.0,5
ifitdoesntwork/DAExpandAnimation,https://github.com/ifitdoesntwork/DAExpandAnimation.git,581.0,2025.0,True,A custom modal transition that presents a controller with an expanding effect while sliding out the presenter remnants.,Swift,"animation, ios, transition, uikit, swift6",False,3.0,8.0,,,,,1
Instagram/IGListKit,https://github.com/Instagram/IGListKit.git,13015.0,2025.0,True,A data-driven UICollectionView framework for building fast and flexible lists.,Objective-C,"uicollectionview, ios, objective-c, diffing, instagram",False,163.0,11.0,,,11.0,,2
isaced/ISEmojiView,https://github.com/isaced/ISEmojiView.git,540.0,2025.0,True,Emoji Keyboard for iOS,Swift,"emoji, emoji-keyboard, swift",False,15.0,12.0,,,,,1
JanGorman/Agrume,https://github.com/JanGorman/Agrume.git,857.0,2025.0,True,üçã A lemony fresh iOS image viewer written in Swift.,Swift,"swift, image, image-viewer, ios, cocoapods, carthage",False,0.0,13.0,,,,,1
jessesquires/JSQCoreDataKit,https://github.com/jessesquires/JSQCoreDataKit.git,616.0,2025.0,True,A swifter Core Data stack,Swift,"swift, ios, coredata, core-data",False,18.0,14.0,,6.0,14.0,,3
johnno1962/HotReloading,https://github.com/johnno1962/HotReloading.git,597.0,2025.0,True,Hot reloading as a Swift Package,Swift,"swift, swiftui, hot-reload",False,2.0,,,,,,0
johnpatrickmorgan/FlowStacks,https://github.com/johnpatrickmorgan/FlowStacks.git,925.0,2025.0,True,FlowStacks allows you to hoist SwiftUI navigation and presentation state into a Coordinator,Swift,,False,16.0,14.0,11.0,7.0,14.0,,4
johnpatrickmorgan/NavigationBackport,https://github.com/johnpatrickmorgan/NavigationBackport.git,913.0,2025.0,True,Backported SwiftUI navigation APIs introduced in WWDC22,Swift,,False,4.0,14.0,11.0,7.0,14.0,,4
JohnSundell/files,https://github.com/JohnSundell/files.git,2579.0,2025.0,True,A nicer way to handle files & folders in Swift,Swift,"files, folders, swift, script, swift-script, xcode",False,23.0,,,,,,0
jonreid/OCMockito,https://github.com/jonreid/OCMockito.git,993.0,2025.0,True,"Mockito for Objective-C: creation, verification and stubbing of mock objects",Objective-C,"objective-c, mockito, xctest, mocking-framework, testing, mocking",False,8.0,9.0,,2.0,12.0,,3
joshdholtz/DeckUI,https://github.com/joshdholtz/DeckUI.git,620.0,2025.0,True,Swift DSL for writing slide decks in Xcode,Swift,"slides, swift, swiftui, xcode",False,16.0,15.0,12.0,,,,2
jpsim/SourceKitten,https://github.com/jpsim/SourceKitten.git,2380.0,2025.0,True,An adorable little framework and command line tool for interacting with SourceKit.,Swift,,False,98.0,,12.0,,,,1
jpsim/Yams,https://github.com/jpsim/Yams.git,1183.0,2025.0,True,A Sweet and Swifty YAML parser.,Swift,"swift, libyaml, yaml, ios, macos, linux",False,28.0,,,,,,0
jtrivedi/Wave,https://github.com/jtrivedi/Wave.git,2222.0,2025.0,True,"Wave is a spring-based animation engine for iOS and macOS that makes it easy to create fluid, interruptible animations that feel great.",Swift,"animation, gestures, ios, motion, swift, interaction-design, uikit, ui, appkit, swiftui",False,11.0,13.0,,,,,1
kabiroberai/node-swift,https://github.com/kabiroberai/node-swift.git,551.0,2025.0,True,Create Node modules in Swift,Swift,,False,18.0,13.0,,,,,1
kaishin/Gifu,https://github.com/kaishin/Gifu.git,3176.0,2025.0,True,High-performance animated GIF support for iOS in Swift,Swift,"swift, carthage, gif, animation, cocoapods",False,29.0,12.0,,,12.0,1.0,3
kean/Nuke,https://github.com/kean/Nuke.git,8411.0,2025.0,True,Image loading system,Swift,"cache, image, swift, webp, gif, progressive",False,45.0,13.0,,6.0,13.0,1.0,4
kean/Pulse,https://github.com/kean/Pulse.git,6711.0,2025.0,True,Network logger for Apple platforms,Swift,"logger, networking, logging, ios, swift, macos",False,46.0,15.0,13.0,9.0,15.0,1.0,5
Kentzo/ShortcutRecorder,https://github.com/Kentzo/ShortcutRecorder.git,589.0,2025.0,True,"The best control to record shortcuts on macOS, written in ObjC with Swift in mind",Objective-C,"macos, cocoa, ui, shortcut",False,17.0,,,,,,0
KeyboardKit/KeyboardKit,https://github.com/KeyboardKit/KeyboardKit.git,1644.0,2025.0,True,"KeyboardKit lets you create custom keyboard extensions with a few lines of code, using Swift & SwiftUI.",Swift,"emoji, swift, swiftui, keyboard, keyboard-extension, ios, macos, tvos, watchos, apple, visionos",False,24.0,15.0,12.0,8.0,15.0,1.0,5
kif-framework/KIF,https://github.com/kif-framework/KIF.git,6236.0,2025.0,True,Keep It Functional - An iOS Functional Testing Framework,Objective-C,,False,51.0,13.0,,,,,1
kingslay/KSPlayer,https://github.com/kingslay/KSPlayer.git,1278.0,2025.0,True,"A video player for iOS„ÄÅmacOS„ÄÅtvOS„ÄÅvisionOS , based on AVPlayer and FFmpeg, support the horizontal, vertical screen. support adjust volume, brightness and seek by slide, SwiftUI, support subtitles.",Swift,"swift, ios, macos, ffmpeg, avplayer, swiftui, tvos, video-player, visionos, audio-player",False,19.0,13.0,,,13.0,1.0,4
krzysztofzablocki/Difference,https://github.com/krzysztofzablocki/Difference.git,1231.0,2025.0,True,Simple way to identify what is different between 2 instances of any type. Must have for TDD.,Swift,"testing, ios, swift, macos, watchos, tvos",False,4.0,,,,,,0
krzysztofzablocki/Inject,https://github.com/krzysztofzablocki/Inject.git,2991.0,2025.0,True,Hot Reloading for Swift applications! ,Swift,"hot-reload, ios, swift, swiftui",False,4.0,11.0,,,13.0,,2
krzysztofzablocki/LifetimeTracker,https://github.com/krzysztofzablocki/LifetimeTracker.git,3249.0,2025.0,True,Find retain cycles / memory leaks sooner.,Swift,"memory-leaks, retain-cycles, tool, swift, ios",False,9.0,,,,,,0
krzysztofzablocki/sourcery,https://github.com/krzysztofzablocki/sourcery.git,7902.0,2025.0,True,"Meta-programming for Swift, stop writing boilerplate code.",Swift,"metaprogramming, swift, codegen, codegenerator, ios, templates, code-generation",False,86.0,,13.0,,,,1
krzyzanowskim/CryptoSwift,https://github.com/krzyzanowskim/CryptoSwift.git,10379.0,2025.0,True,CryptoSwift is a growing collection of standard and secure cryptographic algorithms implemented in Swift,Swift,"swift, aes, cryptography, commoncrypto, cryptoswift, md5, sha1, hmac-authentication, sha3, cipher, digest, aes-gcm, hmac",False,5.0,11.0,,4.0,11.0,,4
krzyzanowskim/STTextView,https://github.com/krzyzanowskim/STTextView.git,1311.0,2025.0,True,"Performant and reusable text view component (TextKit 2), with line numbers and more. UITextView / NSTextView replacement.",Swift,"textview, macos, textkit, swift, appkit, nstextview, cococa, editor, text, swiftui, textkit2, sttextview",False,1.0,16.0,12.0,,,,3
kstenerud/KSCrash,https://github.com/kstenerud/KSCrash.git,4358.0,2025.0,True,The Ultimate iOS Crash Reporter,Objective-C,,False,176.0,12.0,,5.0,12.0,,3
kvyatkovskys/KVKCalendar,https://github.com/kvyatkovskys/KVKCalendar.git,717.0,2025.0,True,A most fully customization calendar for Apple platforms üìÖ,Swift,"swift, ios, cocoapods, ios-calendar, ios-swift, calendar, kvkcalendar, carthage, calendar-view, timeline, swift-package-manager, customization-calendar, timeline-library, datepicker",False,25.0,13.0,,,,,1
lapfelix/bluetoothconnector,https://github.com/lapfelix/bluetoothconnector.git,545.0,2025.0,True,Simple macOS CLI to connect/disconnect a Bluetooth device. Useful for AirPods or other Bluetooth headphones.,Swift,"bluetooth, macos, airpods, beatsx, swift, swift-package, swift-package-manager, beats, macos-cli, automator-workflow, shortcut",False,5.0,,,,,,0
lascic/UIOnboarding,https://github.com/lascic/UIOnboarding.git,788.0,2025.0,True,Apple-esque animated welcome screen for iOS and iPadOS. Configurable.,Swift,"uikit, swift, swiftui, onboarding",False,5.0,13.0,,,,,1
layoutbox/flexlayout,https://github.com/layoutbox/flexlayout.git,2079.0,2025.0,True,"FlexLayout adds a nice Swift interface to the highly optimized facebook/yoga flexbox implementation. Concise, intuitive & chainable syntax.",Swift,"swift, ios, ios-swift, layout, layout-engine, flexbox, flex-layout, flexbox-container, css-flexbox, flex-container, flexbox-layout, yoga, flex-items, ios-lib, ios-ui, swift-3, swift-framework, flexbox-properties",False,1.0,13.0,,,,,1
layoutBox/PinLayout,https://github.com/layoutBox/PinLayout.git,2401.0,2025.0,True,"Fast Swift Views layouting without auto layout. No magic, pure code, full control and blazing fast. Concise syntax, intuitive, readable & chainable. [iOS/macOS/tvOS/CALayer]",Swift,"swift, layout-engine, carthage, cocoapod, chainable-methods, swift-3, swift-library, uiview-extension, ios, ios-swift, ios-lib, layout, rtl, left-language, margin, anchor, ios-ui, swift-framework, language",False,16.0,,,,,,0
li6185377/LKDBHelper-SQLite-ORM,https://github.com/li6185377/LKDBHelper-SQLite-ORM.git,1207.0,2025.0,True,"ÂÖ®Ëá™Âä®ÁöÑÊèíÂÖ•,Êü•ËØ¢,Êõ¥Êñ∞,Âà†Èô§Ôºå an automatic database operation  thread-safe and not afraid of recursive deadlock",Objective-C,,False,2.0,,,,,,0
line/line-sdk-ios-swift,https://github.com/line/line-sdk-ios-swift.git,870.0,2025.0,True,Provides a modern way of implementing LINE APIs.,Swift,"line, line-sdk, line-login, swift",False,7.0,13.0,,,,,1
lucaszischka/BottomSheet,https://github.com/lucaszischka/BottomSheet.git,1182.0,2025.0,True,A sliding Sheet from the bottom of the Screen with 3 States build with SwiftUI.,Swift,"bottomsheet, swiftui, swift, swift5, xcode, hacktoberfest",False,23.0,13.0,,,,,2
lyft/hammer,https://github.com/lyft/hammer.git,700.0,2025.0,True,iOS touch synthesis library,Swift,"ui-testing, testing, ios, lyft",False,7.0,12.0,,,,,1
mac-cain13/R.swift,https://github.com/mac-cain13/R.swift.git,9583.0,2025.0,True,"Strong typed, autocompleted resources like images, fonts and segues in Swift projects",Swift,"swift, ios, watchos, tvos, code-generator, autocompletion, xcode, resources",False,74.0,11.0,,4.0,11.0,,3
MacPaw/OpenAI,https://github.com/MacPaw/OpenAI.git,2632.0,2025.0,True,Swift community driven package for OpenAI public API,Swift,"ai, openai, openai-api, spm, swift, swiftpackagemanager",False,23.0,13.0,,6.0,13.0,1.0,4
mapbox/Fingertips,https://github.com/mapbox/Fingertips.git,826.0,2025.0,True,Touch indicators on external displays for iOS applications.,Swift,,False,3.0,11.0,,,,,1
mapbox/mapbox-maps-ios,https://github.com/mapbox/mapbox-maps-ios.git,540.0,2025.0,True,"Interactive, thoroughly customizable maps for iOS powered by vector tiles and Metal",Swift,"mapbox, maps, map, metal, swift, ios, priority",False,249.0,14.0,,,,,1
mapbox/mapbox-navigation-ios,https://github.com/mapbox/mapbox-navigation-ios.git,891.0,2025.0,True,Turn-by-turn navigation logic and UI in Swift on iOS,Swift,"in-scope, priority",False,198.0,14.0,,,,,1
marcoarment/Blackbird,https://github.com/marcoarment/Blackbird.git,966.0,2025.0,True,,Swift,,False,11.0,15.0,12.0,8.0,15.0,,4
marmelroy/PhoneNumberKit,https://github.com/marmelroy/PhoneNumberKit.git,5273.0,2025.0,True,"A Swift framework for parsing, formatting and validating international phone numbers. Inspired by Google's libphonenumber.",Swift,"phone-number, google-libphonenumber, swift, parsing, validation, contacts, formatting",False,14.0,12.0,,4.0,12.0,,3
mattmassicotte/ConcurrencyRecipes,https://github.com/mattmassicotte/ConcurrencyRecipes.git,1268.0,2025.0,True,Practical solutions to problems with Swift Concurrency,Swift,,False,2.0,,,,,,0
mchakravarty/CodeEditorView,https://github.com/mchakravarty/CodeEditorView.git,801.0,2025.0,True,"SwiftUI code editor view for iOS, visionOS, and macOS",Swift,"swiftui, ios, macos, editor, visionos",False,55.0,17.0,14.0,,,1.0,3
mergesort/Boutique,https://github.com/mergesort/Boutique.git,1084.0,2025.0,True,‚ú® A magical persistence library (and so much more) for state-driven iOS and Mac apps ‚ú®,Swift,"actors, cache, database, ios, macos, offline-first, persistence, swift, appkit, swiftui, uikit",False,5.0,17.0,14.0,,,,2
MessageKit/MessageKit,https://github.com/MessageKit/MessageKit.git,6181.0,2025.0,True,A community-driven replacement for JSQMessagesViewController,Swift,"messaging, messenger, message, jsqmessagesviewcontroller, swift, viewcontroller, hacktoberfest, ios, chat",False,76.0,14.0,,,,,1
michaeleisel/ZippyJSON,https://github.com/michaeleisel/ZippyJSON.git,941.0,2025.0,True,A much faster version of JSONDecoder,Swift,,False,2.0,11.0,,,11.0,,2
microsoft/appcenter-sdk-apple,https://github.com/microsoft/appcenter-sdk-apple.git,573.0,2025.0,True,"Development repository for the App Center SDK for iOS, macOS and tvOS.",Objective-C,appcenter,False,0.0,12.0,,,12.0,,2
microsoft/fluentui-apple,https://github.com/microsoft/fluentui-apple.git,946.0,2025.0,True,UIKit and AppKit controls for building native Microsoft experiences,Swift,"microsoft, uikit, appkit, cocoa, macos, ios, fluentui-apple",False,35.0,16.0,13.0,,,1.0,3
microsoft/plcrashreporter,https://github.com/microsoft/plcrashreporter.git,3000.0,2025.0,True,"Reliable, open-source crash reporting for iOS, macOS and tvOS",Objective-C,"crash-reporting, ios, macos",False,0.0,11.0,,,11.0,,2
migueldeicaza/SwiftGodot,https://github.com/migueldeicaza/SwiftGodot.git,1417.0,2025.0,True,New Godot bindings for Swift,Swift,,False,107.0,,14.0,,,,1
migueldeicaza/SwiftTerm,https://github.com/migueldeicaza/SwiftTerm.git,1125.0,2025.0,True,Xterm/VT100 Terminal emulator in Swift,Swift,"macos, ios, swift, xterm-256color, xterm, uikit, appkit, vt100, sixel, imgcat, terminal-engine, ssh-connection",False,65.0,13.0,,,13.0,1.0,3
mihaelisaev/UIKitPlus,https://github.com/mihaelisaev/UIKitPlus.git,610.0,2025.0,True,üè∞ Declarative UIKit with LivePreview for iOS9+ (best alternative to SwiftUI),Swift,"swift, uikit, wrapper, betterthanswiftui",False,19.0,9.0,,,13.0,,2
Mijick/Popups,https://github.com/Mijick/Popups.git,1630.0,2025.0,True,"Popups, popovers, sheets, alerts, toasts, banners, (...) presentation made simple. Written with and for SwiftUI.",Swift,"popup, swift, swift-package-manager, swiftui, swiftui-components, swiftui-framework, alert, toast, ios, ios-swift, swift-library, swift-package, cocoapods, ios-sdk, mobile, swift6, popupview, popupwindow, popup-window, popover",False,22.0,14.0,12.0,7.0,15.0,1.0,5
mischa-hildebrand/AlignedCollectionViewFlowLayout,https://github.com/mischa-hildebrand/AlignedCollectionViewFlowLayout.git,1368.0,2025.0,True,A collection view layout that gives you control over the horizontal and vertical alignment of the cells.,Swift,"ios, uicollectionview, uicollectionviewflowlayout, uicollectionviewlayout, alignment, swift, uikit",False,16.0,,,,,,0
ml-explore/mlx-swift-examples,https://github.com/ml-explore/mlx-swift-examples.git,1983.0,2025.0,True,Examples using MLX Swift,Swift,mlx,False,48.0,16.0,14.0,,,,2
MobileNativeFoundation/Kronos,https://github.com/MobileNativeFoundation/Kronos.git,680.0,2025.0,True,Elegant NTP date library in Swift,Swift,lyft,False,19.0,,,,,,0
MobileNativeFoundation/XCLogParser,https://github.com/MobileNativeFoundation/XCLogParser.git,1786.0,2025.0,True,Tool to parse Xcode and xcodebuild logs stored in the xcactivitylog format,Swift,"swift, swift-package-manager, xcode, xcactivitylog",False,40.0,,,,,,0
modelcontextprotocol/swift-sdk,https://github.com/modelcontextprotocol/swift-sdk.git,862.0,2025.0,True,The official Swift SDK for Model Context Protocol servers and clients.,Swift,"mcp, swift",False,42.0,,,,,,0
mono0926/LicensePlist,https://github.com/mono0926/LicensePlist.git,2481.0,2025.0,True,A license list generator of all your dependencies for iOS applications,Swift,"license, license-management, licenses, ios, settings, swift-package-manager, cli, commandline, xcode, automation, productivity",False,38.0,,,,,,0
mozilla-mobile/firefox-ios,https://github.com/mozilla-mobile/firefox-ios.git,12623.0,2025.0,True,Firefox for iOS,Swift,"swift, browser, ios-app, firefox, mozilla",False,1804.0,,,,,,0
mxcl/PromiseKit,https://github.com/mxcl/PromiseKit.git,14264.0,2025.0,True,Promises for Swift & ObjC.,Swift,"swift, objc, promises",False,15.0,,,,,,0
mxcl/swift-sh,https://github.com/mxcl/swift-sh.git,1853.0,2025.0,True,Easily script with third-party Swift dependencies.,Swift,"swift, scripting",False,21.0,,,,,,0
nalexn/ViewInspector,https://github.com/nalexn/ViewInspector.git,2449.0,2025.0,True,Runtime introspection and unit testing of SwiftUI views,Swift,"swiftui, swiftui-views, unit-testing, runtime-typechecking, best-practices, swift, swift5",False,45.0,12.0,,7.0,13.0,1.0,4
nathantannar4/Transmission,https://github.com/nathantannar4/Transmission.git,872.0,2025.0,True,"Bridges UIKit presentation APIs to a SwiftUI API so you can use presentation controllers, interactive transitions and more.",Swift,,False,5.0,13.0,,,,1.0,3
nerdishbynature/octokit.swift,https://github.com/nerdishbynature/octokit.swift.git,513.0,2025.0,True,A Swift API Client for GitHub and GitHub Enterprise,Swift,"swift, oauth-flow, github-enterprise, octokit, api-client, github, github-api",False,6.0,,,,,,0
nicklockwood/Euclid,https://github.com/nicklockwood/Euclid.git,667.0,2025.0,True,A Swift library for creating and manipulating 3D geometry,Swift,,False,16.0,,,,,,0
nicklockwood/SwiftFormat,https://github.com/nicklockwood/SwiftFormat.git,8472.0,2025.0,True,A command-line tool and Xcode Extension for formatting Swift code,Swift,,False,311.0,,,,,,0
Nike-Inc/Willow,https://github.com/Nike-Inc/Willow.git,1367.0,2025.0,True,"Willow is a powerful, yet lightweight logging library written in Swift.",Swift,,False,10.0,10.0,,3.0,10.0,,3
nmdias/FeedKit,https://github.com/nmdias/FeedKit.git,1274.0,2025.0,True,"FeedKit is a Swift library for Reading and Generating RSS, Atom, and JSON feeds.",Swift,"rss, atom, swift, rss-reader, atom-feed-parser, atom-reader, rss-feed-parser, feed-parser, feedkit, parsing",False,3.0,15.0,12.0,8.0,15.0,1.0,5
NordicSemiconductor/IOS-DFU-Library,https://github.com/NordicSemiconductor/IOS-DFU-Library.git,560.0,2025.0,True,"OTA DFU Library for Mac and iOS, compatible with nRF5x SoCs",Swift,"dfu, ota, nrf51, nrf52, ble, bluetooth-low-energy, bluetooth, bluetooth-le, bluetoothsmart",False,20.0,12.0,,4.0,12.0,,3
nytimes/NYTPhotoViewer,https://github.com/nytimes/NYTPhotoViewer.git,2876.0,2025.0,True,A modern photo viewing experience for iOS.,Objective-C,,False,80.0,9.0,,,,,1
objectbox/objectbox-swift,https://github.com/objectbox/objectbox-swift.git,540.0,2025.0,True,"Swift database - fast, simple and lightweight (iOS, macOS)",Swift,"ios, database, edge, embedded, mobile, nosql, swift, local, offline-first, storage, sustainable, sync",False,17.0,12.0,,,,,1
onevcat/fengniao,https://github.com/onevcat/fengniao.git,3491.0,2025.0,True,A command line tool for cleaning unused resources in Xcode.,Swift,"command-line-tool, resources, slim, xcode, images, cleanup, swift",False,28.0,,,,,,0
onevcat/Kingfisher,https://github.com/onevcat/Kingfisher.git,23972.0,2025.0,True,"A lightweight, pure-Swift library for downloading and caching images from the web.",Swift,"swift, kingfisher, image, cache, filters, image-processor, xcode, ios, macos",False,162.0,13.0,,6.0,13.0,,3
onevcat/Rainbow,https://github.com/onevcat/Rainbow.git,1894.0,2025.0,True,Delightful console output for Swift developers.,Swift,"swift, console, log, output",False,1.0,,,,,,0
open-meteo/open-meteo,https://github.com/open-meteo/open-meteo.git,3467.0,2025.0,True,Free Weather Forecast API for non-commercial use,Swift,"weather-api, weather, weather-forecast",False,128.0,,15.0,,,,1
openid/AppAuth-iOS,https://github.com/openid/AppAuth-iOS.git,1902.0,2025.0,True,iOS and macOS SDK for communicating with OAuth 2.0 and OpenID Connect providers.,Objective-C,"oauth2, openid-connect, ios-sdk",False,227.0,12.0,,2.0,9.0,,3
OpenSwiftUIProject/OpenSwiftUI,https://github.com/OpenSwiftUIProject/OpenSwiftUI.git,1568.0,2025.0,True,[WIP] Open source implementation of Apple's SwiftUI.,Swift,,False,15.0,,,,,,0
orlandos-nl/MongoKitten,https://github.com/orlandos-nl/MongoKitten.git,745.0,2025.0,True,"Native MongoDB driver for Swift, written in Swift",Swift,"swift, mongodb, mongokitten, mongodb-driver, swift-package-manager, vapor, server-side-swift, database",False,24.0,13.0,13.0,,,,2
peripheryapp/periphery,https://github.com/peripheryapp/periphery.git,5789.0,2025.0,True,A tool to identify unused code in Swift projects.,Swift,"swift, xcode, ios, macos, apple",False,60.0,,13.0,,,,1
phimage/Prephirences,https://github.com/phimage/Prephirences.git,574.0,2025.0,True,"Prephirences is a Swift library that provides useful protocols and convenience methods to manage application preferences, configurations and app-state. UserDefaults",Swift,"userdefaults, swift, preferences, plist, keychain, configuration, ios-swift, ios, property-wrapper",False,4.0,9.0,,3.0,9.0,,3
piemonte/Twinkle,https://github.com/piemonte/Twinkle.git,614.0,2025.0,True,:sparkles: Twinkle interface elements in Swift,Swift,"twinkle, swift, animation, tvos, sparkle, ios, sparkles, caemitterlayer, particles",False,5.0,15.0,,,15.0,,2
pinterest/PINCache,https://github.com/pinterest/PINCache.git,2680.0,2025.0,True,"Fast, non-deadlocking parallel object cache for iOS, tvOS and OS X",Objective-C,"carthage, cocoapods, objective-c, ios, cache",False,30.0,12.0,,4.0,12.0,1.0,4
pinterest/PINRemoteImage,https://github.com/pinterest/PINRemoteImage.git,4031.0,2025.0,True,"A thread safe, performant, feature rich image fetcher",Objective-C,"ios, objective-c, image, webp, progressive-jpgs, gifs",False,58.0,14.0,11.0,,14.0,,3
pmusolino/Wormholy,https://github.com/pmusolino/Wormholy.git,2515.0,2025.0,True,"iOS network debugging, like a wizard üßô‚Äç‚ôÇÔ∏è",Swift,"network, debugger, ios, nsurlsession, alamofire, logger, logging, https, charles",False,18.0,16.0,,,,,1
pointfreeco/sharing-grdb,https://github.com/pointfreeco/sharing-grdb.git,671.0,2025.0,True,A lightweight replacement for SwiftData and the Query macro.,Swift,"persistence, sqlite, database, observation, swiftdata, swiftui",False,0.0,13.0,,7.0,13.0,,3
pointfreeco/swift-case-paths,https://github.com/pointfreeco/swift-case-paths.git,1003.0,2025.0,True,üß∞ Case paths extends the key path hierarchy to enum cases.,Swift,"swift, keypaths",False,2.0,13.0,,6.0,13.0,,3
pointfreeco/swift-composable-architecture,https://github.com/pointfreeco/swift-composable-architecture.git,13528.0,2025.0,True,"A library for building applications in a consistent and understandable way, with composition, testing, and ergonomics in mind.",Swift,"architecture, composition, modularity, testability, swiftui, uikit",False,20.0,13.0,,6.0,13.0,,3
pointfreeco/swift-custom-dump,https://github.com/pointfreeco/swift-custom-dump.git,842.0,2025.0,True,"A collection of tools for debugging, diffing, and testing your application's data structures.",Swift,"debugging, diffing, testing",False,10.0,13.0,,6.0,13.0,,3
pointfreeco/swift-dependencies,https://github.com/pointfreeco/swift-dependencies.git,1908.0,2025.0,True,"A dependency management library inspired by SwiftUI's ""environment.""",Swift,"dependency-injection, dependency-management, architecture, swift",False,7.0,13.0,,6.0,13.0,,3
pointfreeco/swift-identified-collections,https://github.com/pointfreeco/swift-identified-collections.git,587.0,2025.0,True,"A library of data structures for working with collections of identifiable elements in an ergonomic, performant way.",Swift,"swiftui, swift-composable-architecture, identifiable, data-structures",False,1.0,,,,,,0
pointfreeco/swift-navigation,https://github.com/pointfreeco/swift-navigation.git,2176.0,2025.0,True,"Bringing simple and powerful navigation tools to all Swift platforms, inspired by SwiftUI.",Swift,,False,14.0,13.0,,6.0,13.0,,3
pointfreeco/swift-nonempty,https://github.com/pointfreeco/swift-nonempty.git,876.0,2025.0,True,üéÅ A compile-time guarantee that a collection contains a value.,Swift,"swift, type-safety, conditional-conformance, collections",False,7.0,,,,,,0
pointfreeco/swift-parsing,https://github.com/pointfreeco/swift-parsing.git,939.0,2025.0,True,"A library for turning nebulous data into well-structured data, with a focus on composition, performance, generality, and ergonomics.",Swift,,False,26.0,13.0,,6.0,13.0,,3
pointfreeco/swift-perception,https://github.com/pointfreeco/swift-perception.git,700.0,2025.0,True,"Observable tools, backported.",Swift,,False,0.0,13.0,,6.0,13.0,,3
pointfreeco/swift-sharing,https://github.com/pointfreeco/swift-sharing.git,673.0,2025.0,True,A universal solution to persistence and data sharing in surprisingly little code.,Swift,"appstorage, filestorage, persistence, swiftui, userdefaults",False,5.0,13.0,,6.0,13.0,,3
pointfreeco/swift-snapshot-testing,https://github.com/pointfreeco/swift-snapshot-testing.git,3991.0,2025.0,True,üì∏ Delightful Swift snapshot testing.,Swift,"swift, testing, snapshot-testing, screenshot-testing",False,191.0,13.0,,6.0,13.0,,3
ProxymanApp/atlantis,https://github.com/ProxymanApp/atlantis.git,1384.0,2025.0,True,"Capture HTTP/HTTPS, and Websocket from iOS app without proxy.",Swift,"proxyman, ios, maninthemiddle, swizzle, urlsession, https-traffic",False,67.0,13.0,,,13.0,,2
pvieito/PythonKit,https://github.com/pvieito/PythonKit.git,2069.0,2025.0,True,Swift framework to interact with Python.,Swift,,False,1.0,,,,,,0
Quick/Nimble,https://github.com/Quick/Nimble.git,4846.0,2025.0,True,A Matcher Framework for Swift and Objective-C,Swift,"matcher-functions, swift-generics, swift-assertions, failure-messages, asynchronous-expectations, swift, testing, operator-overloads, bdd",False,21.0,13.0,,6.0,13.0,,3
Quick/Quick,https://github.com/Quick/Quick.git,9839.0,2025.0,True,The Swift (and Objective-C) testing framework.,Swift,"swift, cocoapods, objective-c, carthage, testing, bdd, ios",False,40.0,13.0,,,13.0,,2
QuickBirdEng/XCoordinator,https://github.com/QuickBirdEng/XCoordinator.git,2349.0,2025.0,True,üéå Powerful navigation library for iOS based on the coordinator pattern,Swift,"rxswift, rxswift-extensions, ios, swift, ios-swift, coordinator, coordinator-pattern, mvvm, mvvm-architecture, mvvm-c, mvvm-coordinator",False,21.0,9.0,,,9.0,,2
quran/quran-ios,https://github.com/quran/quran-ios.git,505.0,2025.0,True,QuranEngine is the engine powering the Quran.com iOS app.,Swift,"quran, ios, swift",False,88.0,15.0,,,,,1
rajdeep/proton,https://github.com/rajdeep/proton.git,1334.0,2025.0,True,Purely native and extensible rich text editor for iOS and macOS Catalyst apps,Swift,"editor, plugin-architecture, extensible, textkit, wysiwyg-editor, native, rich-text-editor, richtexteditor, swift, maccatalyst, ios, wysiwyg, text",False,27.0,14.0,,,,1.0,2
raspu/Highlightr,https://github.com/raspu/Highlightr.git,1781.0,2025.0,True,iOS & OSX Syntax Highlighter. ,Swift,"highlight, ios-lib, ios, macos, swift-library, syntax-highlighting, sample-gif",False,26.0,8.0,,,,,1
ReactiveCocoa/ReactiveSwift,https://github.com/ReactiveCocoa/ReactiveSwift.git,3030.0,2025.0,True,Streams of values over time,Swift,"reactiveswift, swift, reactive-streams, reactive-programming",False,8.0,11.0,,4.0,11.0,,3
ReactiveX/RxSwift,https://github.com/ReactiveX/RxSwift.git,24624.0,2025.0,True,Reactive Programming in Swift,Swift,"swift, reactivex, reactive, ios, unidirectional, observer, functional, rxswift",False,41.0,9.0,,3.0,9.0,,3
ReactorKit/ReactorKit,https://github.com/ReactorKit/ReactorKit.git,2769.0,2025.0,True,A library for reactive and unidirectional Swift applications,Swift,"swift, reactorkit, reactive, unidirectional, architecture, rxswift",False,36.0,9.0,,3.0,9.0,,3
realm/realm-swift,https://github.com/realm/realm-swift.git,16529.0,2025.0,True,Realm is a mobile database: a replacement for Core Data & SQLite,Objective-C,"ios, database, swift, objective-c, sync, mobile-database, threadsafe, realtime, mobile",False,477.0,12.0,,4.0,12.0,,3
realm/SwiftLint,https://github.com/realm/SwiftLint.git,19106.0,2025.0,True,A tool to enforce Swift style and conventions.,Swift,"linter, linting, swift, static-analysis, code-quality, hacktoberfest",False,460.0,,13.0,,,,1
relatedcode/ProgressHUD,https://github.com/relatedcode/ProgressHUD.git,2911.0,2025.0,True,ProgressHUD is a lightweight and easy-to-use HUD for iOS. Over 5000+ animations.,Swift,"progresshud, progressbar, progress-bar, hud, swift5, ios-swift, progress-hud, progress, progress-circle, apple, progress-indicator, progress-indicators, progress-view, activity-indicator, swift-library, progress-tracker, progress-ring",False,8.0,13.0,,,,,1
RevenueCat/purchases-ios,https://github.com/RevenueCat/purchases-ios.git,2726.0,2025.0,True,"In-app purchases and subscriptions made easy. Support for iOS, watchOS, tvOS, macOS, and visionOS.",Swift,"swift, objective-c, swiftui, iap, ios, apple, storekit, storekit-wrapper, storekit2, hacktoberfest, visionos",False,96.0,,,,,,0
richardtop/CalendarKit,https://github.com/richardtop/CalendarKit.git,2632.0,2025.0,True,üìÖ Calendar for Apple platforms in Swift,Swift,"cocoapods, swift, ios, calendar, ios-ui, ios-calendar, ios-lib, ios-swift, calendarkit, swift-package-manager, macos, catalyst",False,34.0,11.0,,,11.0,,2
rive-app/rive-ios,https://github.com/rive-app/rive-ios.git,641.0,2025.0,True,iOS runtime for Rive,Swift,,False,62.0,,,,,,0
RNCryptor/RNCryptor,https://github.com/RNCryptor/RNCryptor.git,3360.0,2025.0,True,"CCCryptor (AES encryption) wrappers for iOS and Mac in Swift. -- For ObjC, see RNCryptor/RNCryptor-objc",Swift,,False,9.0,,,,,,0
robb/Redline,https://github.com/robb/Redline.git,688.0,2025.0,True,Redlines for SwiftUI,Swift,"design, figma, swiftui",False,0.0,18.0,15.0,,,,2
ruslanskorb/RSKImageCropper,https://github.com/ruslanskorb/RSKImageCropper.git,2449.0,2025.0,True,An image / photo crop view controller for iOS like in the Contacts app with support for landscape orientation.,Objective-C,"crop, cropping, trimming, cropper, editor, image, photo, contacts-app, edit",False,1.0,12.0,,,,,1
RxSwiftCommunity/RxFlow,https://github.com/RxSwiftCommunity/RxFlow.git,1894.0,2025.0,True,RxFlow is a navigation framework for iOS applications based on a Reactive Flow Coordinator pattern,Swift,"swift, coordinator, reactive-programming, rxswift, flow",False,2.0,9.0,,,,,1
RxSwiftCommunity/RxOptional,https://github.com/RxSwiftCommunity/RxOptional.git,699.0,2025.0,True,"RxSwift extensions for Swift optionals and ""Occupiable"" types",Swift,,False,2.0,9.0,,3.0,9.0,,3
RxSwiftCommunity/RxRealm,https://github.com/RxSwiftCommunity/RxRealm.git,1166.0,2025.0,True,RxSwift extension for RealmSwift's types,Swift,"realm, rxswift, realmswift, database, reactive",False,14.0,11.0,,3.0,9.0,,3
saagarjha/unxip,https://github.com/saagarjha/unxip.git,913.0,2025.0,True,A fast Xcode unarchiver,Swift,,False,6.0,14.0,11.0,7.0,,,3
sbooth/SFBAudioEngine,https://github.com/sbooth/SFBAudioEngine.git,624.0,2025.0,True,"A powerhouse of audio functionality for macOS, iOS, and tvOS",Objective-C,"audio, audio-player, coreaudio, avaudioengine, macos, ios, objective-c, swift, audio-decoders, audio-encoders, dsd",False,20.0,15.0,11.0,,15.0,,3
SCENEE/FloatingPanel,https://github.com/SCENEE/FloatingPanel.git,5713.0,2025.0,True,A clean and easy-to-use floating panel UI component for iOS,Swift,,False,86.0,13.0,,,,,1
scinfu/SwiftSoup,https://github.com/scinfu/SwiftSoup.git,4892.0,2025.0,True,"SwiftSoup: Pure Swift HTML Parser, with best of DOM, CSS, and jquery (Supports Linux, iOS, Mac, tvOS, watchOS)",Swift,"swift, swiftsoup, parse, html-document, dom, extract, selector, html",False,25.0,13.0,,6.0,,,2
SDWebImage/SDWebImage,https://github.com/SDWebImage/SDWebImage.git,25400.0,2025.0,True,Asynchronous image downloader with cache support as a UIImageView category,Objective-C,"macos, ios, watchos, image, jpeg, png, gif, webp, cache, objective-c, swift, cocoapods, carthage, sdwebimage, heif, visionos",False,107.0,9.0,,2.0,9.0,,3
SDWebImage/SDWebImageSwiftUI,https://github.com/SDWebImage/SDWebImageSwiftUI.git,2444.0,2025.0,True,SwiftUI Image loading and Animation framework powered by SDWebImage,Swift,"swiftui, sdwebimage, swift, ios, macos, tvos, watchos, webp, animated-webp, gif, apng, swift-ui, swiftpm",False,79.0,14.0,11.0,7.0,14.0,,4
securing/IOSSecuritySuite,https://github.com/securing/IOSSecuritySuite.git,2552.0,2025.0,True,iOS platform security & anti-tampering Swift library,Swift,,False,7.0,11.0,,,,,1
SFSafeSymbols/SFSafeSymbols,https://github.com/SFSafeSymbols/SFSafeSymbols.git,1807.0,2025.0,True,Safely access Apple's SF Symbols using static typing,Swift,"swift, icons, symbols, ios, sfsymbols",False,10.0,12.0,,5.0,12.0,1.0,4
shinydevelopment/SimulatorStatusMagic,https://github.com/shinydevelopment/SimulatorStatusMagic.git,2351.0,2025.0,True,Clean up your status bar for taking screenshots on the iOS simulator.,Objective-C,,False,2.0,9.0,,,,,1
simibac/ConfettiSwiftUI,https://github.com/simibac/ConfettiSwiftUI.git,2123.0,2025.0,True,SwiftUI Package for Configurable Confetti Animation üéâ,Swift,"swiftui, animation",False,8.0,14.0,11.0,7.0,14.0,,4
sindresorhus/Defaults,https://github.com/sindresorhus/Defaults.git,2311.0,2025.0,True,üíæ Swifty and modern UserDefaults,Swift,"userdefaults, nsuserdefaults, macos, ios, swift-package-manager, swift-package, swifty, swiftui-components, storage",False,29.0,14.0,11.0,9.0,14.0,1.0,5
sindresorhus/KeyboardShortcuts,https://github.com/sindresorhus/KeyboardShortcuts.git,2352.0,2025.0,True,‚å®Ô∏è Add user-customizable global keyboard shortcuts (hotkeys) to your macOS app in minutes,Swift,"keyboard-shortcuts, hotkey, macos, swift-package, swift-package-manager, carthage, cocoapods, swiftui, swiftui-components",False,37.0,,,,,,0
siteline/SwiftUI-Introspect,https://github.com/siteline/SwiftUI-Introspect.git,6183.0,2025.0,True,Introspect underlying UIKit/AppKit components from SwiftUI,Swift,"appkit, inspect, inspection, introspection, nsview, nsviewcontroller, swiftui, uikit, uiview, uiviewcontroller",False,20.0,13.0,,,13.0,,2
skiptools/skip,https://github.com/skiptools/skip.git,1923.0,2025.0,True,Skip enables the creation of native SwiftUI apps for iOS and Android,Swift,"swift, android, ios",False,86.0,16.0,13.0,9.0,16.0,,5
Skyscanner/SkyFloatingLabelTextField,https://github.com/Skyscanner/SkyFloatingLabelTextField.git,4133.0,2025.0,True,"A beautiful and flexible text field control implementation of  ""Float Label Pattern"". Written in Swift.",Swift,"swift, interface-builder, cocoapods, textfield",False,84.0,,,,,,0
SnapKit/SnapKit,https://github.com/SnapKit/SnapKit.git,20219.0,2025.0,True,A Swift Autolayout DSL for iOS & OS X,Swift,"auto, autolayout, snapkit, swift, xcode, dsl, cocoapods, constraints, layout, ui",False,55.0,10.0,,,10.0,,2
soto-project/soto,https://github.com/soto-project/soto.git,932.0,2025.0,True,"Swift SDK for AWS that works on Linux, macOS and iOS",Swift,"aws, swift, server-side-swift, aws-sdk-swift, aws-sdk, swift-nio",False,11.0,13.0,,6.0,13.0,,3
soulverteam/SoulverCore,https://github.com/soulverteam/SoulverCore.git,974.0,2025.0,True,A powerful Swift framework for evaluating natural language math expressions,Swift,"math-expressions, expression-evaluator, currency-converter, date-calculator, soulver, currency-rates, calculations, notepad-calculator, date-parser, natural-language-processing, natural-language, mathematical-expressions, math-engine, datetime, timezone, swift, calculator, currency",False,0.0,,,,,,0
sparkle-project/Sparkle,https://github.com/sparkle-project/Sparkle.git,7938.0,2025.0,True,A software update framework for macOS,Objective-C,"update, software-update, macos, framework",False,22.0,,,,,,0
sparrowcode/PermissionsKit,https://github.com/sparrowcode/PermissionsKit.git,5772.0,2025.0,True,Universal API for request permission and get its statuses.,Swift,"permission, permissions, ios, request, sparrow, location, notification, camera, photo-gallery, ui, dialog, xcode, interface, calendar, reminder, scope, wizard, permissionkit, sppermissions",False,3.0,12.0,13.0,4.0,12.0,,4
spotify/Mobius.swift,https://github.com/spotify/Mobius.swift.git,571.0,2025.0,True,A functional reactive framework for managing state evolution and side-effects [Swift implementation],Swift,"ios, swift, functional-reactive-programming, mobius, state-management",False,6.0,10.0,,3.0,10.0,,3
square/Blueprint,https://github.com/square/Blueprint.git,693.0,2025.0,True,"Declarative UI construction for iOS, written in Swift",Swift,"swift, ui, declarative, declarative-ui, square, uikit",False,25.0,15.0,,,,,2
square/Valet,https://github.com/square/Valet.git,4083.0,2025.0,True,"Valet lets you securely store data in the iOS, tvOS, watchOS, or macOS Keychain without knowing a thing about how the Keychain works. It‚Äôs easy. We promise.",Swift,"keychain, touch-id, face-id, security, ios, tvos, watchos, macos, crypto",False,0.0,12.0,,4.0,12.0,,3
stackotter/swift-cross-ui,https://github.com/stackotter/swift-cross-ui.git,1139.0,2025.0,True,"A cross-platform declarative UI framework, inspired by SwiftUI.",Swift,"linux, swift, windows, macos, open-source, declarative-ui, gtk, appkit, ios, uikit, winui3",False,56.0,13.0,,,13.0,1.0,4
stephencelis/SQLite.swift,https://github.com/stephencelis/SQLite.swift.git,9983.0,2025.0,True,"A type-safe, Swift-language layer over SQLite3.",Swift,"swift, sqlite",False,144.0,,,,,,0
stripe/stripe-ios,https://github.com/stripe/stripe-ios.git,2424.0,2025.0,True,Stripe iOS SDK    ,Swift,"stripe, stripe-sdk",False,154.0,13.0,,,,,1
sunlubo/swiftffmpeg,https://github.com/sunlubo/swiftffmpeg.git,598.0,2025.0,True,A Swift wrapper for the FFmpeg API,Swift,"swift, ffmpeg, video, audio, h264, hevc, webm, mp4, multimedia, ffmpeg-api, av1",False,18.0,,,,,,0
supabase/supabase-swift,https://github.com/supabase/supabase-swift.git,971.0,2025.0,True,"A Swift client for Supabase. Query your Supabase database, subscribe to realtime events, upload and download files, browse Swift examples, invoke postgres functions via rpc, invoke supabase edge functions, query pgvector. ",Swift,"ios, supabase, swift, database",False,23.0,13.0,,6.0,13.0,,4
SvenTiigi/YouTubePlayerKit,https://github.com/SvenTiigi/YouTubePlayerKit.git,853.0,2025.0,True,A Swift Package to easily play YouTube videos üì∫,Swift,"youtube, youtube-iframe-player, swift, swiftui, ios, macos, visionos, youtube-player",False,2.0,15.0,12.0,,,1.0,3
SVGKit/SVGKit,https://github.com/SVGKit/SVGKit.git,4537.0,2025.0,False,"Display and interact with SVG Images on iOS / OS X, using native rendering (CoreAnimation)",Objective-C,,False,273.0,,,,,,0
swhitty/FlyingFox,https://github.com/swhitty/FlyingFox.git,573.0,2025.0,True,"Lightweight, HTTP server written in Swift using async/await.",Swift,"http, swift, web-server, async, server, server-side-swift, web, async-await, asyncio, nio, networking",False,11.0,13.0,,8.0,13.0,,3
swhitty/SwiftDraw,https://github.com/swhitty/SwiftDraw.git,530.0,2025.0,True,"Swift library and command line tool to convert SVGs into SFSymbol, PNG, PDF and Swift source code.",Swift,"sfsymbol, svg, swift",False,8.0,13.0,,6.0,13.0,1.0,4
swift-server-community/APNSwift,https://github.com/swift-server-community/APNSwift.git,783.0,2025.0,True,"üì±HTTP/2 Apple Push Notification Service built with swift - send push notifications to iOS, iPadOS, tvOS, macOS, watchOS, visionOS, and Safari!",Swift,"swift, swift-nio-http2, swift-nio, apns, apns-http2, sswg, apnswift, apple, apple-push-notifications, safari-push-notifications",False,4.0,16.0,13.0,9.0,16.0,,4
swift-server/async-http-client,https://github.com/swift-server/async-http-client.git,1004.0,2025.0,True,HTTP client library built on SwiftNIO,Swift,"swift-server, http-client, swift5, swift-nio",False,119.0,,,,,,0
swift-server/swift-aws-lambda-runtime,https://github.com/swift-server/swift-aws-lambda-runtime.git,1176.0,2025.0,True,Swift implementation of AWS Lambda Runtime,Swift,,False,16.0,,15.0,,,,1
SwifterSwift/SwifterSwift,https://github.com/SwifterSwift/SwifterSwift.git,14612.0,2025.0,True,A handy collection of more than 500 native Swift extensions to boost your productivity.,Swift,"swift, xcode, carthage, cocoapods, tvos, ios, macos, swifterswift, extensions, uikit, swift-package-manager, swift-extensions, swift-library, open-source, mit, watchos, productivity-booster, awesome, unit-testing, foundation",False,27.0,12.0,,4.0,12.0,,3
SwiftfulThinking/SwiftfulRouting,https://github.com/SwiftfulThinking/SwiftfulRouting.git,791.0,2025.0,True,Programmatic navigation for SwiftUI applications.,Swift,"ios, swift, swiftui",False,0.0,16.0,12.0,,14.0,,3
SwiftKickMobile/SwiftMessages,https://github.com/SwiftKickMobile/SwiftMessages.git,7479.0,2025.0,True,A very flexible message bar for UIKit and SwiftUI.,Swift,"swift, ios, nib, ui, nib-files, snackbar, alerts, ui-components, banner, swift4, ios11, iphone-x, swiftui",False,45.0,,,,,,0
swiftlang/sourcekit-lsp,https://github.com/swiftlang/sourcekit-lsp.git,3577.0,2025.0,True,Language Server Protocol implementation for Swift and C-based languages,Swift,,False,120.0,,14.0,,,,1
swiftlang/swift-build,https://github.com/swiftlang/swift-build.git,2101.0,2025.0,True,"A high-level build system based on llbuild, used by Xcode, Swift Playground, and the Swift Package Manager",Swift,"build, build-system, build-tool, build-tools, swift, swift-package-manager",False,72.0,,14.0,,,,1
swiftlang/swift-corelibs-xctest,https://github.com/swiftlang/swift-corelibs-xctest.git,1164.0,2025.0,True,"The XCTest Project, A Swift core library for providing unit test support",Swift,,False,34.0,,,,,,0
swiftlang/swift-docc,https://github.com/swiftlang/swift-docc.git,1262.0,2025.0,True,Documentation compiler that produces rich API reference documentation and interactive tutorials for your Swift framework or package.,Swift,,False,143.0,15.0,12.0,,,,2
swiftlang/swift-driver,https://github.com/swiftlang/swift-driver.git,824.0,2025.0,True,Swift compiler driver reimplementation in Swift,Swift,,False,76.0,15.0,,,,,1
swiftlang/swift-embedded-examples,https://github.com/swiftlang/swift-embedded-examples.git,932.0,2025.0,True,A collection of example projects using Embedded Swift,Swift,"embedded, esp32, example, nrf, stm32, swift, raspberrypi",False,22.0,,,,,,0
swiftlang/swift-format,https://github.com/swiftlang/swift-format.git,2735.0,2025.0,True,Formatting technology for Swift source code,Swift,,False,147.0,,,,,,0
swiftlang/swift-foundation,https://github.com/swiftlang/swift-foundation.git,2554.0,2025.0,True,The Foundation project,Swift,,False,159.0,,,,,,0
swiftlang/swift-markdown,https://github.com/swiftlang/swift-markdown.git,3026.0,2025.0,True,"A Swift package for parsing, building, editing, and analyzing Markdown documents.",Swift,,False,50.0,,,,,,0
swiftlang/swift-package-manager,https://github.com/swiftlang/swift-package-manager.git,9978.0,2025.0,True,The Package Manager for the Swift Programming Language,Swift,,False,1010.0,17.0,14.0,,,,3
swiftlang/swift-syntax,https://github.com/swiftlang/swift-syntax.git,3482.0,2025.0,True,"A set of Swift libraries for parsing, inspecting, generating, and transforming Swift source code.",Swift,,False,125.0,13.0,,6.0,13.0,,4
swiftlang/swift-testing,https://github.com/swiftlang/swift-testing.git,2028.0,2025.0,True,"A modern, expressive testing package for Swift",Swift,"software-quality, swift, swift-macros, testing, unit-testing",False,92.0,,,,,,0
swiftlang/swiftly,https://github.com/swiftlang/swiftly.git,773.0,2025.0,True,"A Swift toolchain installer and manager, written in Swift.",Swift,"swift, version-manager",False,89.0,,13.0,,,,1
SwiftPackageIndex/SwiftPackageIndex-Server,https://github.com/SwiftPackageIndex/SwiftPackageIndex-Server.git,628.0,2025.0,True,The Swift Package Index is the place to find Swift packages!,Swift,"swift, vapor, server-side-swift, swiftpm",False,64.0,,15.0,,,,1
SwiftUIX/SwiftUIX,https://github.com/SwiftUIX/SwiftUIX.git,7760.0,2025.0,True,An exhaustive expansion of the standard SwiftUI library.,Swift,"swift-package-manager, textview, swift, macos, swiftui, attributedstring, framework, library, scroll, backwards-compatibility, collection-view, ios, performance, visionos",False,26.0,13.0,11.0,6.0,13.0,,4
swiftwasm/JavaScriptKit,https://github.com/swiftwasm/JavaScriptKit.git,781.0,2025.0,True,Swift framework to interact with JavaScript through WebAssembly.,Swift,"swift, swiftwasm, javascript, webassembly",False,23.0,13.0,,6.0,13.0,,4
SwiftyFinch/Rugby,https://github.com/SwiftyFinch/Rugby.git,714.0,2025.0,True,üèà Cache CocoaPods for faster rebuild and indexing Xcode project.,Swift,"cache-pods, cocoapods-optimisation, xcode-indexing, xcode-performance, cocoapods-performance, cocoapods-frameworks, cache-cocoapods, cocoapods-binary, cocoapods, xcode, precompiled-frameworks, prebuild-pods, hacktoberfest, swift, macos, compile-time",False,1.0,,13.0,,,,1
SwiftyJSON/SwiftyJSON,https://github.com/SwiftyJSON/SwiftyJSON.git,22892.0,2025.0,True,The better way to deal with JSON data in Swift.,Swift,"swiftyjson, json, swift, response, request, carthage, cocoapods, json-parsing-library, json-parser, json-parsing-swift",False,134.0,,,,,,0
SwiftyLab/MetaCodable,https://github.com/SwiftyLab/MetaCodable.git,722.0,2025.0,True,Supercharge Swift's Codable implementations with macros meta-programming.,Swift,"codable, code-generation, macro, metaprogramming, no-boilerplate, swift, swift-codable, swift-macros, swift-package-manager, swift-package-manager-plugin, swift-package-plugin, swift5-9, json, json-parser, jsonparser, jsonserialization, jsonserializer, serde, serde-json",False,6.0,13.0,,6.0,13.0,,4
techprimate/tppdf,https://github.com/techprimate/tppdf.git,796.0,2025.0,True,TPPDF is a simple-to-use PDF builder for iOS and macOS written in Swift,Swift,"cocoapods, pdf, generator, builder, ios, swift",False,37.0,9.0,,,,1.0,2
tevelee/SwiftUI-Flow,https://github.com/tevelee/SwiftUI-Flow.git,591.0,2025.0,True,Flow Layout implemented in SwiftUI,Swift,"flow-layout, layout, swiftui",False,5.0,16.0,13.0,9.0,16.0,,4
tid-kijyun/Kanna,https://github.com/tid-kijyun/Kanna.git,2465.0,2025.0,True,Kanna(Èâã) is an XML/HTML parser for Swift.,Swift,"swift, html-parser, xml-parser",False,18.0,,,,,,0
tuist/tuist,https://github.com/tuist/tuist.git,5179.0,2025.0,True,A virtual platform team for mobile devs who ship ,Swift,"xcode, swift, objective-c, scalability, productivity, hacktoberfest, ios",False,256.0,,,,,,0
tuist/xcodeproj,https://github.com/tuist/xcodeproj.git,2125.0,2025.0,True," üìù Read, update and write your Xcode projects",Swift,"xcode, swift, xcodeproj, objective-c, ios, macos, swift-5",False,9.0,,,,,,0
twostraws/CodeScanner,https://github.com/twostraws/CodeScanner.git,1153.0,2025.0,True,"A SwiftUI view that is able to scan barcodes, QR codes, and more, and send back what was found.",Swift,,False,36.0,13.0,,6.0,13.0,1.0,4
twostraws/Ignite,https://github.com/twostraws/Ignite.git,2061.0,2025.0,True,A static site generator for Swift developers.,Swift,,False,15.0,,13.0,,,,1
twostraws/Sitrep,https://github.com/twostraws/Sitrep.git,1338.0,2025.0,True,A source code analyzer for Swift projects.,Swift,"swift, xcode, analyzer",False,9.0,,,,,,0
twostraws/Vortex,https://github.com/twostraws/Vortex.git,1360.0,2025.0,True,High-performance particle effects for SwiftUI.,Swift,,False,12.0,15.0,12.0,8.0,15.0,1.0,6
uber/ios-snapshot-test-case,https://github.com/uber/ios-snapshot-test-case.git,1830.0,2025.0,True,Snapshot view unit tests for iOS,Objective-C,,False,39.0,10.0,,,10.0,,2
uber/needle,https://github.com/uber/needle.git,1934.0,2025.0,True,Compile-time safe Swift dependency injection framework,Swift,,False,58.0,,,,,,0
vapor/console-kit,https://github.com/vapor/console-kit.git,509.0,2025.0,True,üíª APIs for creating interactive CLI tools.,Swift,"vapor, server-side-swift, swift, console, command-line, swift-linux, hacktoberfest",False,3.0,13.0,,6.0,13.0,,3
vapor/fluent,https://github.com/vapor/fluent.git,1375.0,2025.0,True,"Vapor ORM (queries, models, and relations) for NoSQL and SQL databases",Swift,"vapor, orm, swift, database, sql, nosql, server-side-swift, swift-linux, vapor-service",False,22.0,13.0,,6.0,13.0,,3
vapor/vapor,https://github.com/vapor/vapor.git,25438.0,2025.0,True,üíß A server-side Swift HTTP web framework.,Swift,"vapor, swift, server-side-swift, web-framework, server, framework, http, http2",False,111.0,13.0,,6.0,13.0,,3
VergeGroup/swift-Verge,https://github.com/VergeGroup/swift-Verge.git,768.0,2025.0,True,"üü£ A robust Swift state-management framework designed for complex applications, featuring an integrated ORM for efficient data handling.",Swift,"flux, redux, ios, swift, mvvm, rxswift, swiftui, vuex, store-pattern, state-tree, state-shape, data-driven, memoization, uikit, performance-monitoring, dispatcher, verge",False,9.0,16.0,13.0,6.0,13.0,,4
vtourraine/acknowlist,https://github.com/vtourraine/acknowlist.git,868.0,2025.0,True,"Acknowledgements screen displaying a list of licenses, for example from CocoaPods and Swift Package Manager dependencies.",Swift,"ios, cocoapods, swift, tvos, uikit, swiftui, macos, watchos, spm",False,4.0,13.0,,7.0,13.0,,3
watson-developer-cloud/swift-sdk,https://github.com/watson-developer-cloud/swift-sdk.git,873.0,2025.0,True,:iphone: The Watson Swift SDK enables developers to quickly add Watson Cognitive Computing services to their Swift applications.,Swift,"ibm-watson-services, ibm-watson-speech, swift-4, hacktoberfest",False,4.0,10.0,,,,,1
weichsel/ZIPFoundation,https://github.com/weichsel/ZIPFoundation.git,2504.0,2025.0,True,Effortless ZIP Handling in Swift,Swift,"swift, zip",False,37.0,9.0,,2.0,9.0,,3
WenchaoD/FSPagerView,https://github.com/WenchaoD/FSPagerView.git,7318.0,2025.0,True,FSPagerView is an elegant Screen Slide Library. It is extremely helpful for making Banner View„ÄÅProduct Show„ÄÅWelcome/Guide Pages„ÄÅScreen/ViewController Sliders.,Swift,"swift, objective-c, infinite-scroll, banner-view, banner-slider, banner, uicollectionview, uicollectionviewlayout, ios, pages",False,181.0,12.0,,,,,1
wordpress-mobile/AztecEditor-iOS,https://github.com/wordpress-mobile/AztecEditor-iOS.git,648.0,2025.0,True,A reusable native iOS visual HTML text editor component.,Swift,"html, ios, editor, swift, ios-swift, ios-library, ios-libraries, native, html-editor, ios-lib, carthage, cocoapods",False,101.0,13.0,,,,,1
XcodesOrg/xcodes,https://github.com/XcodesOrg/xcodes.git,4279.0,2025.0,True,The best command-line tool to install and switch between multiple versions of Xcode.,Swift,"xcode, swift, macos, hacktoberfest",False,139.0,,,,,,0
XCTestHTMLReport/XCTestHTMLReport,https://github.com/XCTestHTMLReport/XCTestHTMLReport.git,764.0,2025.0,True,Xcode-like HTML report for Unit and UI Tests,Swift,"xcode, xctest, swift, html-report, xcode-ui-testing, unit-testing, ui-testing",False,68.0,,,,,,0
xmartlabs/PagerTabStripView,https://github.com/xmartlabs/PagerTabStripView.git,821.0,2025.0,True,üöÄ  Elegant Pager View fully written in pure SwiftUI.,Swift,"pagerview, swiftui, swiftui-components, xlpagertabstrip, pagertabstripview, swiftui-pager, pager",False,14.0,16.0,13.0,,,,2
yonaskolb/Mint,https://github.com/yonaskolb/Mint.git,2392.0,2025.0,True,A package manager that installs and runs executable Swift packages,Swift,"package-manager, dependency-manager, swift, command-line-tool, spm, installer",False,60.0,,,,,,0
yonaskolb/XcodeGen,https://github.com/yonaskolb/XcodeGen.git,7593.0,2025.0,True,A Swift command line tool for generating your Xcode project,Swift,"swift, xcode, generator, xcodeproject, specification, yaml, xcodeproj, cli, ci",False,374.0,,,,,,0
yonat/MultiSlider,https://github.com/yonat/MultiSlider.git,519.0,2025.0,True,"UISlider clone with multiple thumbs and values, range highlight, optional snap intervals, optional value labels, either vertical or horizontal.",Swift,"uislider, thumbs, multiple-thumbs, multislider, swift, range-slider, range-picker",False,4.0,13.0,,,,,1
